source,target
joinville,femme_joinville
tathan,marcel
marcel,tathan
dede,dede
marcel,dede
marcel,lecteur
tathan,marcel
tathan,lecteur
marcel,joinville
marcel,dede
marcel,joinville
marcel,dede
dede,marcel
marcel,dede
fils_marcel,marcel
marcel,fils_marcel
marcel,joinville
joinville,marcel
femme_marcel,joinville
femme_marcel,marcel
joinville,marcel
joinville,marcel
marcel,chien_marcel
marcel,chien_marcel
chien_marcel,marcel
marcel,chien_marcel
marcel,chien_marcel
marcel,chien_marcel
dede,marcel
marcel,dede
marcel,dede
dede,marcel
marcel,chien_marcel
marcel,chien_marcel
chien_marcel,lecteur
fils_dede,dede
dede,fils_dede
fils_tathan,tathan
tathan,fils_tathan
joinville,fille_joinville
marcel,fils_marcel
instituteur,fils_marcel
instituteur,fille_joinville
instituteur,fils_dede
instituteur,fils_tathan
marcel,marcel
fils_marcel,marcel
femme_marcel,marcel
marcel,marcel
femme_marcel,femme_marcel
femme_marcel,femme_marcel
femme_marcel,fils_marcel
fils_marcel,marcel
femme_marcel,marcel
gendarme,marcel
tathan,chien_marcel
tathan,lecteur
fils_marcel,capucine
capucine,fils_marcel
capucine,fils_dede
capucine,fils_marcel
capucine,fils_tathan
fils_tathan,fils_dede
fils_marcel,fils_dede
fils_dede,fils_marcel
marcel,tathan
marcel,tathan
marcel,tathan
tathan,marcel
marcel,tathan
tathan,dede
marcel,tathan
dede,marcel
tathan,marcel
dede,tathan
femme_marcel,marcel
marcel,lecteur
marcel,lecteur
chien_marcel,lecteur
marcel,tathan
marcel,tathan
tathan,marcel
tathan,marcel
marcel,tathan
tathan,marcel
marcel,tathan
marcel,femme_marcel
marcel,femme_marcel
femme_marcel,marcel
marcel,lecteur
tathan,dede
dede,tathan
marcel,tathan
tathan,dede
marcel,lecteur
dede,lecteur
dede,marcel
tathan,marcel
dede,tathan
joinville,marcel
fils_marcel,marcel
marcel,fils_marcel
fils_marcel,marcel
marcel,fils_marcel
marcel,lecteur
femme_marcel,marcel
femme_marcel,marcel
femme_marcel,marcel
marcel,femme_marcel
marcel,femme_marcel
femme_marcel,marcel
marcel,femme_marcel
radio,joinville
joinville,dede
joinville,dede
dede,joinville
joinville,chef_coutumier
chef_coutumier,joinville
chef_coutumier,joinville
joinville,chef_coutumier
chef_coutumier,joinville
joinville,chef_coutumier
chef_coutumier,joinville
tathan,marcel
dede,marcel
dede,batisse
batisse,dede
batisse,lecteur
batisse,lecteur
batisse,lecteur
batisse,lecteur
batisse,lecteur
batisse,lecteur
dede,batisse
dede,batisse
batisse,dede
dede,tathan
tathan,dede
marcel,tathan
joinville,marcel
marcel,joinville
marcel,tathan
marcel,tathan
dede,tathan
tathan,dede
dede,tathan
femme_tathan,tathan
marcel,tathan
femme_marcel,marcel
marcel,femme_marcel
marcel,femme_marcel
marcel,femme_marcel
femme_marcel,marcel
marcel,femme_marcel
femme_marcel,marcel
femme_marcel,marcel
vache,marcel
marcel,vache
dede,marcel
marcel,dede
dede,marcel
marcel,lecteur
marcel,chien_marcel
marcel,cheval
marcel,vache
marcel,coq
coq,marcel
tathan,dede
dede,tathan
tathan,dede
dede,tathan
dede,marcel
marcel,dede
dede,marcel
marcel,dede
fils_marcel,marcel
marcel,fils_marcel
dede,marcel
marcel,dede
dede,marcel
marcel,dede
marcel,dede
dede,marcel
roussette,roussette
marcel,dede
dede,marcel
marcel,dede
roussette,roussette
dede,marcel
marcel,dede
marcel,dede
marcel,dede
dede,marcel
marcel,femme_marcel
gendarme,gendarme
gendarme,gendarme
marcel,dede
dede,marcel
marcel,tathan
tathan,marcel
marcel,tathan
gendarme,gendarme
dede,marcel
marcel,fils_marcel
femme_marcel,marcel
marcel,femme_marcel
marcel,chat
joinville,marcel
marcel,joinville
joinville,femme_joinville
femme_joinville,joinville
marcel,femme_joinville
marcel,femme_joinville
chat,chat
chat,chat
tathan,marcel
marcel,tathan
viandard1,viandard2
viandard2,viandard1
viandard1,viandard2
viandard2,viandard1
marcel,tathan
viandard1,viandard2
viandard2,viandard1
femme_dede,dede
dede,femme_dede
femme_dede,dede
dede,femme_dede
femme_dede,dede
dede,femme_dede
femme_dede,dede
femme_dede,dede
dede,femme_dede
femme_dede,dede
dede,femme_dede
dede,batisse
dede,batisse
batisse,dede
batisse,dede
marcel,tathan
marcel,tathan
radio,marcel
marcel,lecteur
marcel,lecteur
fils_marcel,capucine
fils_marcel,capucine
capucine,fils_marcel
fils_marcel,capucine
fils_tathan,fils_marcel
femme_marcel,marcel
marcel,femme_marcel
femme_marcel,marcel
marcel,lecteur
femme_marcel,marcel
marcel,femme_marcel
femme_marcel,marcel
marcel,kekina
kekina,marcel
marcel,kekina
kekina,marcel
femme_marcel,kekina
dede,tathan
tathan,dede
tathan,dede
dede,joinville
joinville,dede
joinville,lecteur
joinville,lecteur
joinville,tathan
joinville,marcel
tathan,marcel
marcel,tathan
marcel,tathan
dede,marcel
marcel,dede
marcel,dede
dede,marcel
marcel,dede
marcel,dede
dede,marcel
dede,marcel
fils_marcel,marcel
dede,marcel
joinville,dede
dede,joinville
joinville,dede
dede,joinville
dede,tathan
tathan,joinville
joinville,tathan
tathan,joinville
marcel,tathan
dede,femme_dede
femme_dede,dede
dede,lecteur
dede,lecteur
batisse,dede
